{"_runtime":4917,"train/loss":4.7767,"_step":47,"train_samples_per_second":12.32,"_wandb":{"runtime":4917},"train/grad_norm":108.16366889156038,"train/epoch":2.98256735340729,"train_steps_per_second":0.096,"total_flos":5.5886493974528e+13,"train/learning_rate":9.49277494008971e-12,"train_loss":6.726511434891168,"train/global_step":471,"train_runtime":4909.9121,"_timestamp":1.7579794484481993e+09}